{
  "red_count": 16,
  "yellow_count": 7,
  "total_count": 23,
  "past_due_members": [
    {
      "id": 391,
      "prospect_id": "53757763",
      "full_name": "MICHAEL BURNETT",
      "first_name": "MICHAEL",
      "last_name": "BURNETT",
      "email": null,
      "mobile_phone": "+19202512059",
      "status_message": "Past Due more than 30 days.",
      "amount_past_due": 222.45,
      "status": "7",
      "join_date": null,
      "agreement_type": "Unknown",
      "priority_status": "red",
      "status_text": "Past Due 30+ Days",
      "address": "",
      "city": "",
      "state": "",
      "zip": "",
      "membership_start": null,
      "last_visit": ""
    },
    {
      "id": 393,
      "prospect_id": "64676588",
      "full_name": "ANGELO EKAL",
      "first_name": "ANGELO",
      "last_name": "EKAL",
      "email": "hysoko.pro@gmail.com",
      "mobile_phone": "+19205795464",
      "status_message": "Past Due more than 30 days.",
      "amount_past_due": 212.94,
      "status": "7",
      "join_date": null,
      "agreement_type": "Unknown",
      "priority_status": "red",
      "status_text": "Past Due 30+ Days",
      "address": "",
      "city": "",
      "state": "",
      "zip": "",
      "membership_start": null,
      "last_visit": ""
    },
    {
      "id": 394,
      "prospect_id": "62235504",
      "full_name": "LAUREN BOUTCHYARD",
      "first_name": "LAUREN",
      "last_name": "BOUTCHYARD",
      "email": "lboutchyard94@gmail.com",
      "mobile_phone": "+17723007759",
      "status_message": "Past Due more than 30 days.",
      "amount_past_due": 212.94,
      "status": "7",
      "join_date": null,
      "agreement_type": "Unknown",
      "priority_status": "red",
      "status_text": "Past Due 30+ Days",
      "address": "",
      "city": "",
      "state": "",
      "zip": "",
      "membership_start": null,
      "last_visit": ""
    },
    {
      "id": 381,
      "prospect_id": "58874500",
      "full_name": "JAIME HERNANDEZ JR",
      "first_name": "JAIME",
      "last_name": "HERNANDEZ JR",
      "email": "jaiflores24@icloud.com",
      "mobile_phone": "+14144358435",
      "status_message": "Past Due more than 30 days.",
      "amount_past_due": 197.45,
      "status": "7",
      "join_date": null,
      "agreement_type": "Unknown",
      "priority_status": "red",
      "status_text": "Past Due 30+ Days",
      "address": "",
      "city": "",
      "state": "",
      "zip": "",
      "membership_start": null,
      "last_visit": ""
    },
    {
      "id": 387,
      "prospect_id": "66332628",
      "full_name": "LENIN LOPEZ",
      "first_name": "LENIN",
      "last_name": "LOPEZ",
      "email": "kairolenninl@gmail.com",
      "mobile_phone": "+19203753078",
      "status_message": "Past Due more than 30 days.",
      "amount_past_due": 192.5,
      "status": "7",
      "join_date": null,
      "agreement_type": "Unknown",
      "priority_status": "red",
      "status_text": "Past Due 30+ Days",
      "address": "",
      "city": "",
      "state": "",
      "zip": "",
      "membership_start": null,
      "last_visit": ""
    },
    {
      "id": 397,
      "prospect_id": "66897223",
      "full_name": "AALIYAH LIGHTHALL",
      "first_name": "AALIYAH",
      "last_name": "LIGHTHALL",
      "email": "LIGHTHALLAALIYAH84@GMAIL.COM",
      "mobile_phone": "+19205095135",
      "status_message": "Past Due more than 30 days.",
      "amount_past_due": 172.5,
      "status": "7",
      "join_date": null,
      "agreement_type": "Unknown",
      "priority_status": "red",
      "status_text": "Past Due 30+ Days",
      "address": "",
      "city": "",
      "state": "",
      "zip": "",
      "membership_start": null,
      "last_visit": ""
    },
    {
      "id": 385,
      "prospect_id": "68442266",
      "full_name": "JHONNY ROGUELIO DOMINGUEZ RAMIREZ",
      "first_name": "JHONNY ROGUELIO",
      "last_name": "DOMINGUEZ RAMIREZ",
      "email": "jd9496284@gmail.com",
      "mobile_phone": "+19209570342",
      "status_message": "Past Due more than 30 days.",
      "amount_past_due": 157.95999999999998,
      "status": "7",
      "join_date": null,
      "agreement_type": "Unknown",
      "priority_status": "red",
      "status_text": "Past Due 30+ Days",
      "address": "",
      "city": "",
      "state": "",
      "zip": "",
      "membership_start": null,
      "last_visit": ""
    },
    {
      "id": 395,
      "prospect_id": "66485481",
      "full_name": "YATZIN HERNANDEZ",
      "first_name": "YATZIN",
      "last_name": "HERNANDEZ",
      "email": "lizbethyatzinhernandez@gmail.com",
      "mobile_phone": "+19205175972",
      "status_message": "Past Due more than 30 days.",
      "amount_past_due": 157.95999999999998,
      "status": "7",
      "join_date": null,
      "agreement_type": "Unknown",
      "priority_status": "red",
      "status_text": "Past Due 30+ Days",
      "address": "",
      "city": "",
      "state": "",
      "zip": "",
      "membership_start": null,
      "last_visit": ""
    },
    {
      "id": 384,
      "prospect_id": "53107434",
      "full_name": "ANGELA GIVENS",
      "first_name": "ANGELA",
      "last_name": "GIVENS",
      "email": "agivens.massage40@gmail.com",
      "mobile_phone": "+19202514047",
      "status_message": "Past Due more than 30 days.",
      "amount_past_due": 149.95999999999998,
      "status": "7",
      "join_date": null,
      "agreement_type": "Unknown",
      "priority_status": "red",
      "status_text": "Past Due 30+ Days",
      "address": "",
      "city": "",
      "state": "",
      "zip": "",
      "membership_start": null,
      "last_visit": ""
    },
    {
      "id": 386,
      "prospect_id": "62111436",
      "full_name": "CHRISTINE SCHOLZ",
      "first_name": "CHRISTINE",
      "last_name": "SCHOLZ",
      "email": "christinewinter99@gmail.com",
      "mobile_phone": "+19206420518",
      "status_message": "Past Due more than 30 days.",
      "amount_past_due": 142.95999999999998,
      "status": "7",
      "join_date": null,
      "agreement_type": "Unknown",
      "priority_status": "red",
      "status_text": "Past Due 30+ Days",
      "address": "",
      "city": "",
      "state": "",
      "zip": "",
      "membership_start": null,
      "last_visit": ""
    },
    {
      "id": 310,
      "prospect_id": "64709778",
      "full_name": "EMMANUEL LUCIO",
      "first_name": "EMMANUEL",
      "last_name": "LUCIO",
      "email": "noemail@email.com",
      "mobile_phone": "+19206986264",
      "status_message": "Past Due more than 30 days.",
      "amount_past_due": 127.47,
      "status": "7",
      "join_date": null,
      "agreement_type": "Unknown",
      "priority_status": "red",
      "status_text": "Past Due 30+ Days",
      "address": "",
      "city": "",
      "state": "",
      "zip": "",
      "membership_start": null,
      "last_visit": ""
    },
    {
      "id": 390,
      "prospect_id": "46091114",
      "full_name": "SHAWN BROST",
      "first_name": "SHAWN",
      "last_name": "BROST",
      "email": "sbrost@nordicgroupusa.com",
      "mobile_phone": "+19209796541",
      "status_message": "Past Due 6-30 days",
      "amount_past_due": 118.47,
      "status": "0",
      "join_date": null,
      "agreement_type": "Unknown",
      "priority_status": "red",
      "status_text": "Past Due 30+ Days",
      "address": "",
      "city": "",
      "state": "",
      "zip": "",
      "membership_start": null,
      "last_visit": ""
    },
    {
      "id": 482,
      "prospect_id": "43237150",
      "full_name": "FELICIA RADANT",
      "first_name": "FELICIA",
      "last_name": "RADANT",
      "email": "fcradant5@gmail.com",
      "mobile_phone": "+19202601815",
      "status_message": "Past Due 6-30 days",
      "amount_past_due": 117.0,
      "status": "0",
      "join_date": null,
      "agreement_type": "Unknown",
      "priority_status": "red",
      "status_text": "Past Due 30+ Days",
      "address": "",
      "city": "",
      "state": "",
      "zip": "",
      "membership_start": null,
      "last_visit": ""
    },
    {
      "id": 271,
      "prospect_id": "64627188",
      "full_name": "DUSTIN HUDSON",
      "first_name": "DUSTIN",
      "last_name": "HUDSON",
      "email": "ddhudson12@gmail.com",
      "mobile_phone": "+12692218445",
      "status_message": "Past Due 6-30 days",
      "amount_past_due": 106.47,
      "status": "0",
      "join_date": null,
      "agreement_type": "Unknown",
      "priority_status": "red",
      "status_text": "Past Due 30+ Days",
      "address": "",
      "city": "",
      "state": "",
      "zip": "",
      "membership_start": null,
      "last_visit": ""
    },
    {
      "id": 361,
      "prospect_id": "59752148",
      "full_name": "JORVIN GURDIAN",
      "first_name": "JORVIN",
      "last_name": "GURDIAN",
      "email": null,
      "mobile_phone": "+12186842326",
      "status_message": "Past Due 6-30 days",
      "amount_past_due": 90.97999999999999,
      "status": "0",
      "join_date": null,
      "agreement_type": "Unknown",
      "priority_status": "yellow",
      "status_text": "Past Due 6-30 Days",
      "address": "",
      "city": "",
      "state": "",
      "zip": "",
      "membership_start": null,
      "last_visit": ""
    },
    {
      "id": 339,
      "prospect_id": "43602701",
      "full_name": "URIAH WASHINGTON",
      "first_name": "URIAH",
      "last_name": "WASHINGTON",
      "email": null,
      "mobile_phone": "+14148370293",
      "status_message": "Past Due more than 30 days.",
      "amount_past_due": 89.0,
      "status": "7",
      "join_date": null,
      "agreement_type": "Unknown",
      "priority_status": "red",
      "status_text": "Past Due 30+ Days",
      "address": "",
      "city": "",
      "state": "",
      "zip": "",
      "membership_start": null,
      "last_visit": ""
    },
    {
      "id": 382,
      "prospect_id": "1062427",
      "full_name": "REGINALD BAKER",
      "first_name": "REGINALD",
      "last_name": "BAKER",
      "email": "freshvision523@gmail.com",
      "mobile_phone": "+19205179762",
      "status_message": "Past Due more than 30 days.",
      "amount_past_due": 84.0,
      "status": "7",
      "join_date": null,
      "agreement_type": "Unknown",
      "priority_status": "red",
      "status_text": "Past Due 30+ Days",
      "address": "",
      "city": "",
      "state": "",
      "zip": "",
      "membership_start": null,
      "last_visit": ""
    },
    {
      "id": 396,
      "prospect_id": "64344913",
      "full_name": "STEPHANIE PEREZ",
      "first_name": "STEPHANIE",
      "last_name": "PEREZ",
      "email": "mosa.sre@gmail.com",
      "mobile_phone": "+19206387045",
      "status_message": "Past Due 6-30 days",
      "amount_past_due": 69.0,
      "status": "0",
      "join_date": null,
      "agreement_type": "Unknown",
      "priority_status": "yellow",
      "status_text": "Past Due 6-30 Days",
      "address": "",
      "city": "",
      "state": "",
      "zip": "",
      "membership_start": null,
      "last_visit": ""
    },
    {
      "id": 392,
      "prospect_id": "24431259",
      "full_name": "BRIAN ROBINSON",
      "first_name": "BRIAN",
      "last_name": "ROBINSON",
      "email": "brianrobinson007@icloud.com",
      "mobile_phone": "+17739939369",
      "status_message": "Past Due 6-30 days",
      "amount_past_due": 63.5,
      "status": "0",
      "join_date": null,
      "agreement_type": "Unknown",
      "priority_status": "yellow",
      "status_text": "Past Due 6-30 Days",
      "address": "",
      "city": "",
      "state": "",
      "zip": "",
      "membership_start": null,
      "last_visit": ""
    },
    {
      "id": 507,
      "prospect_id": "63235560",
      "full_name": "TIMOTHY GREUEL",
      "first_name": "TIMOTHY",
      "last_name": "GREUEL",
      "email": "biggconstruction@icloud.com",
      "mobile_phone": "+19205796852",
      "status_message": "Past Due 6-30 days",
      "amount_past_due": 59.48,
      "status": "0",
      "join_date": null,
      "agreement_type": "Unknown",
      "priority_status": "yellow",
      "status_text": "Past Due 6-30 Days",
      "address": "",
      "city": "",
      "state": "",
      "zip": "",
      "membership_start": null,
      "last_visit": ""
    },
    {
      "id": 200,
      "prospect_id": "57831212",
      "full_name": "THOMAS WRIGHT",
      "first_name": "THOMAS",
      "last_name": "WRIGHT",
      "email": "twright510@gmail.com",
      "mobile_phone": "+19202122778",
      "status_message": "Past Due 6-30 days",
      "amount_past_due": 45.489999999999995,
      "status": "0",
      "join_date": null,
      "agreement_type": "Unknown",
      "priority_status": "yellow",
      "status_text": "Past Due 6-30 Days",
      "address": "",
      "city": "",
      "state": "",
      "zip": "",
      "membership_start": null,
      "last_visit": ""
    },
    {
      "id": 194,
      "prospect_id": "60643336",
      "full_name": "ANGELA FRANKE",
      "first_name": "ANGELA",
      "last_name": "FRANKE",
      "email": "cheryl.zitlow@gmail.com",
      "mobile_phone": "+19205171611",
      "status_message": "Past Due 6-30 days",
      "amount_past_due": 39.489999999999995,
      "status": "0",
      "join_date": null,
      "agreement_type": "Unknown",
      "priority_status": "yellow",
      "status_text": "Past Due 6-30 Days",
      "address": "",
      "city": "",
      "state": "",
      "zip": "",
      "membership_start": null,
      "last_visit": ""
    },
    {
      "id": 344,
      "prospect_id": "65482161",
      "full_name": "CONNOR RATZKE",
      "first_name": "CONNOR",
      "last_name": "RATZKE",
      "email": "connorratzke20@gmail.com",
      "mobile_phone": "+19209044165",
      "status_message": "Past Due 6-30 days",
      "amount_past_due": 34.5,
      "status": "0",
      "join_date": null,
      "agreement_type": "Unknown",
      "priority_status": "yellow",
      "status_text": "Past Due 6-30 Days",
      "address": "",
      "city": "",
      "state": "",
      "zip": "",
      "membership_start": null,
      "last_visit": ""
    }
  ],
  "message": "FRESH ClubHub data: 16 red, 7 yellow past due members",
  "data_source": "clubhub_live_api",
  "timestamp": "2025-09-21T20:59:53.453992"
}