{"red_count": 7, "yellow_count": 20, "total_count": 27, "past_due_members": [{"id": "61635381", "full_name": "JESSICA KOHNKE", "first_name": "JESSICA", "last_name": "KOHNKE", "email": "jessicakohnke1@gmail.com", "mobile_phone": "+19208961150", "priority_status": "red", "status_text": "Past Due 30+ Days", "address": "141 N LINCOLN AVE", "city": "FOND DU LAC", "state": "WI", "zip": "54935", "membership_start": "2024-06-10T12:00:00Z", "last_visit": "2024-07-22T19:29:40Z"}, {"id": "62235504", "full_name": "LAUREN BOUTCHYARD", "first_name": "LAUREN", "last_name": "BOUTCHYARD", "email": "lboutchyard94@gmail.com", "mobile_phone": "+17723007759", "priority_status": "red", "status_text": "Past Due 30+ Days", "address": "166 5TH ST", "city": "FOND DU LAC", "state": "WI", "zip": "54935", "membership_start": "2024-11-13T12:00:00Z", "last_visit": "2025-08-17T01:23:20Z"}, {"id": "64676588", "full_name": "ANGELO EKAL", "first_name": "ANGELO", "last_name": "EKAL", "email": "hysoko.pro@gmail.com", "mobile_phone": "+19205795464", "priority_status": "red", "status_text": "Past Due 30+ Days", "address": "166 5TH ST", "city": "FOND DU LAC", "state": "WI", "zip": "54935", "membership_start": "2024-11-22T12:00:00Z", "last_visit": "2025-08-17T01:23:21Z"}, {"id": "58874500", "full_name": "JAIME HERNANDEZ JR", "first_name": "JAIME", "last_name": "HERNANDEZ JR", "email": "jaiflores24@icloud.com", "mobile_phone": "+14144358435", "priority_status": "red", "status_text": "Past Due 30+ Days", "address": "560 LEE CT AT", "city": "FOND DU LAC", "state": "WI", "zip": "54935", "membership_start": "2023-12-08T12:00:00Z", "last_visit": "2025-08-17T01:23:26Z"}, {"id": "67793741", "full_name": "WHITTNEY PULTZ", "first_name": "WHITTNEY", "last_name": "PULTZ", "email": "whittneyreinke86@gmail.com", "mobile_phone": "+19205395369", "priority_status": "red", "status_text": "Past Due 30+ Days", "address": "180 RIVER LN", "city": "SAINT CLOUD", "state": "WI", "zip": "53079", "membership_start": "2025-05-21T12:00:00Z", "last_visit": "2025-08-17T01:23:23Z"}, {"id": "65788779", "full_name": "ANTHONY JORDAN", "first_name": "ANTHONY", "last_name": "JORDAN", "email": "ajjordan90@icloud.com", "mobile_phone": "+14148390113", "priority_status": "red", "status_text": "Past Due 30+ Days", "address": "180 AMORY ST", "city": "FOND DU LAC", "state": "WI", "zip": "54935", "membership_start": "2025-01-15T12:00:00Z", "last_visit": "2025-08-17T01:23:24Z"}, {"id": "60852968", "full_name": "CHRIS BENNETT", "first_name": "CHRIS", "last_name": "BENNETT", "email": "bennettchristopher926@gmail.com", "mobile_phone": "+13312270524", "priority_status": "red", "status_text": "Past Due 30+ Days", "address": "342 MARTIN AVE 1", "city": "FOND DU LAC", "state": "WI", "zip": "54935", "membership_start": "2024-04-13T12:00:00Z", "last_visit": "2025-08-17T01:21:52Z"}, {"id": "62111436", "full_name": "CHRISTINE SCHOLZ", "first_name": "CHRISTINE", "last_name": "SCHOLZ", "email": "christinewinter99@gmail.com", "mobile_phone": "+19206420518", "priority_status": "yellow", "status_text": "Past Due 6-30 Days", "address": "479 4TH ST", "city": "FOND DU LAC", "state": "WI", "zip": "54935", "membership_start": "2024-07-09T12:00:00Z", "last_visit": "2025-08-17T01:26:08Z"}, {"id": "43602701", "full_name": "URIAH WASHINGTON", "first_name": "URIAH", "last_name": "WASHINGTON", "email": "", "mobile_phone": "+14148370293", "priority_status": "yellow", "status_text": "Past Due 6-30 Days", "address": "80 PRAIRIE RD APT 6", "city": "FOND DU LAC", "state": "WI", "zip": "54935", "membership_start": "2020-02-12T12:00:00Z", "last_visit": "2025-08-18T10:45:16Z"}, {"id": "67812813", "full_name": "LANCE BILLINGS", "first_name": "LANCE", "last_name": "BILLINGS", "email": "lancebillings1@gmail.com", "mobile_phone": "+12622778195", "priority_status": "yellow", "status_text": "Past Due 6-30 Days", "address": "396 HARRISON ST APT 4", "city": "NORTH FOND DU LAC", "state": "WI", "zip": "54937", "membership_start": "2025-05-22T12:00:00Z", "last_visit": "2025-08-17T08:28:29Z"}, {"id": "53757763", "full_name": "MICHAEL BURNETT", "first_name": "MICHAEL", "last_name": "BURNETT", "email": "", "mobile_phone": "+19202512059", "priority_status": "yellow", "status_text": "Past Due 6-30 Days", "address": "328 LAWRENCE AVE", "city": "FOND DU LAC", "state": "WI", "zip": "54935", "membership_start": "2022-10-20T12:00:00Z", "last_visit": "2025-08-17T01:23:33Z"}, {"id": "66840746", "full_name": "Francela Molina", "first_name": "Francela", "last_name": "Molina", "email": "MOLINAFRANCELA55@GMAIL.COM", "mobile_phone": "+16086982719", "priority_status": "yellow", "status_text": "Past Due 6-30 Days", "address": "96 RUBINA LN APARTAMENTO 12", "city": "FOND DU LAC", "state": "WI", "zip": "54935", "membership_start": "2025-03-17T12:00:00Z", "last_visit": "2025-08-17T01:30:27Z"}, {"id": "66485481", "full_name": "YATZIN HERNANDEZ", "first_name": "YATZIN", "last_name": "HERNANDEZ", "email": "lizbethyatzinhernandez@gmail.com", "mobile_phone": "+19205175972", "priority_status": "yellow", "status_text": "Past Due 6-30 Days", "address": "257 S PARK AVE", "city": "FOND DU LAC", "state": "WI", "zip": "54935", "membership_start": "2025-02-18T12:00:00Z", "last_visit": "2025-08-17T01:23:26Z"}, {"id": "66897223", "full_name": "AALIYAH LIGHTHALL", "first_name": "AALIYAH", "last_name": "LIGHTHALL", "email": "LIGHTHALLAALIYAH84@GMAIL.COM", "mobile_phone": "+19205095135", "priority_status": "yellow", "status_text": "Past Due 6-30 Days", "address": "301 DOTY ST", "city": "FOND DU LAC", "state": "WI", "zip": "54935", "membership_start": "2025-03-18T12:00:00Z", "last_visit": "2025-08-17T01:23:22Z"}, {"id": "53107434", "full_name": "ANGELA GIVENS", "first_name": "ANGELA", "last_name": "GIVENS", "email": "agivens.massage40@gmail.com", "mobile_phone": "+19202514047", "priority_status": "yellow", "status_text": "Past Due 6-30 Days", "address": "278 N SEYMOUR ST APT J106", "city": "FOND DU LAC", "state": "WI", "zip": "54935", "membership_start": "2024-05-16T12:00:00Z", "last_visit": "2025-08-17T01:26:13Z"}, {"id": "62790942", "full_name": "LUIS ALFONSO SAENZ BELLORIN", "first_name": "LUIS ALFONSO", "last_name": "SAENZ BELLORIN", "email": "luissaenz846@gmail.com", "mobile_phone": "+19209600099", "priority_status": "yellow", "status_text": "Expiring Soon", "address": "476 W SCOTT", "city": "FOND DU LAC", "state": "WI", "zip": "54935", "membership_start": "2024-08-27T12:00:00Z", "last_visit": "2025-08-17T01:20:24Z"}, {"id": "62791544", "full_name": "EMMANUEL VALENCIA", "first_name": "EMMANUEL", "last_name": "VALENCIA", "email": "brrbebecita@icloud.com", "mobile_phone": "+15638459787", "priority_status": "yellow", "status_text": "Expiring Soon", "address": "476 W SCOTT", "city": "FOND DU LAC", "state": "WI", "zip": "54935", "membership_start": "2024-08-27T12:00:00Z", "last_visit": "2025-08-17T01:20:22Z"}, {"id": "48237031", "full_name": "ERIN Hoff", "first_name": "ERIN", "last_name": "Hoff", "email": "ER.K.STEELE@GMAIL.COM", "mobile_phone": "+19205835869", "priority_status": "yellow", "status_text": "Expiring Soon", "address": "W7461 WESTBROOK LN", "city": "FOND DU LAC", "state": "WI", "zip": "54937", "membership_start": "2023-09-12T12:00:00Z", "last_visit": "2025-08-17T13:18:41Z"}, {"id": "67929509", "full_name": "SERGIO RODRIGUEZ", "first_name": "SERGIO", "last_name": "RODRIGUEZ", "email": "sergiordzjr4@gmail.com", "mobile_phone": "+19203750679", "priority_status": "yellow", "status_text": "Invalid Address", "address": "408 NELSON STREET FOND DU LAC WI HO", "city": "FOND DU LAC", "state": "WI", "zip": "54935", "membership_start": "2025-05-30T12:00:00Z", "last_visit": "2025-08-17T01:30:41Z"}, {"id": "52877991", "full_name": "SONIA BANUELOUS FAMILY ACCOUNT", "first_name": "SONIA BANUELOUS", "last_name": "FAMILY ACCOUNT", "email": "soniabanuelos51@yahoo.com", "mobile_phone": "+19202513274", "priority_status": "yellow", "status_text": "Pending Cancel", "address": "21 ROBIN DR", "city": "NORTH FOND DU LAC", "state": "WI", "zip": "54937", "membership_start": "2022-08-10T12:00:00Z", "last_visit": "2025-08-17T01:29:58Z"}, {"id": "51986878", "full_name": "DAWSON MILLER", "first_name": "DAWSON", "last_name": "MILLER", "email": "dawsonmill8766@gmail.com", "mobile_phone": "+19202280672", "priority_status": "yellow", "status_text": "Pending Cancel", "address": "386 E 2ND ST", "city": "FOND DU LAC", "state": "WI", "zip": "54935", "membership_start": "2022-05-31T12:00:00Z", "last_visit": "2025-08-17T01:29:52Z"}, {"id": "44852980", "full_name": "OLIVIA DEERING", "first_name": "OLIVIA", "last_name": "DEERING", "email": "Oliviadeering16@gmail.com", "mobile_phone": "", "priority_status": "yellow", "status_text": "Pending Cancel", "address": "W7650 PATRICK PLACE", "city": "BEAVER DAM", "state": "WI", "zip": "53916", "membership_start": "2020-07-19T12:00:00Z", "last_visit": "2025-08-17T01:28:29Z"}, {"id": "63027441", "full_name": "ROSALYN LEZOTTE", "first_name": "ROSALYN", "last_name": "LEZOTTE", "email": "rosalezotte@gmail.com", "mobile_phone": "+19203090283", "priority_status": "yellow", "status_text": "Expiring Soon", "address": "224 DOTY ST", "city": "FOND DU LAC", "state": "WI", "zip": "54935", "membership_start": "2024-09-12T12:00:00Z", "last_visit": "2025-08-17T01:26:15Z"}, {"id": "68442266", "full_name": "JHONNY ROGUELIO DOMINGUEZ RAMIREZ", "first_name": "JHONNY ROGUELIO", "last_name": "DOMINGUEZ RAMIREZ", "email": "jd9496284@gmail.com", "mobile_phone": "+19209570342", "priority_status": "yellow", "status_text": "Past Due 6-30 Days", "address": "257 S PARK AVE", "city": "FOND DU LAC", "state": "WI", "zip": "54935", "membership_start": "2025-07-01T12:00:00Z", "last_visit": "2025-08-17T01:26:05Z"}, {"id": "66332628", "full_name": "LENIN LOPEZ", "first_name": "LENIN", "last_name": "LOPEZ", "email": "kairolenninl@gmail.com", "mobile_phone": "+19203753078", "priority_status": "yellow", "status_text": "Past Due 6-30 Days", "address": "90 E JOHNSON ST", "city": "FOND DU LAC", "state": "WI", "zip": "54935", "membership_start": "2025-02-07T12:00:00Z", "last_visit": "2025-08-17T01:26:04Z"}, {"id": "1062427", "full_name": "REGINALD BAKER", "first_name": "REGINALD", "last_name": "BAKER", "email": "freshvision523@gmail.com", "mobile_phone": "+19205179762", "priority_status": "yellow", "status_text": "Past Due 6-30 Days", "address": "34 W SCOTT ST", "city": "FOND DU LAC", "state": "WI", "zip": "54935", "membership_start": "2018-07-30T12:00:00Z", "last_visit": "2025-08-17T01:24:01Z"}, {"id": "46091114", "full_name": "SHAWN BROST", "first_name": "SHAWN", "last_name": "BROST", "email": "", "mobile_phone": "+19209796541", "priority_status": "yellow", "status_text": "Pending Cancel", "address": "524 ROCKROSE DR", "city": "FOND DU LAC", "state": "WI", "zip": "54935", "membership_start": "2020-12-03T12:00:00Z", "last_visit": "2025-08-17T01:21:43Z"}], "message": "FRESH ClubHub data: 7 red, 20 yellow past due members", "data_source": "clubhub_live_api", "timestamp": "2025-08-18T12:07:11.313184"}